0.000, 0.000, 0.000,  0.000
0.999, 0.100, 0.000,  0.020
0.999, 0.200, 0.000,  0.420
0.999, 0.300, 0.001,  0.820
0.999, 0.400, 0.008,  1.220
0.999, 0.500, 0.041,  1.620
0.999, 0.600, 0.029,  2.020
0.999, 0.700, 0.243,  2.420
0.999, 0.800, 0.433,  2.820
0.915, 0.900, 0.702,  3.220
0.708, 0.937, 1.105,  3.620
0.477, 0.831, 1.662,  4.020
0.296, 0.601, 2.220,  4.420
0.177, 0.000, 2.647,  4.820
0.111, 0.000, 2.831,  5.220
0.084, 0.000, 2.747,  5.620
0.073, 0.000, 2.556,  6.020
0.069, 0.000, 2.331,  6.420
0.070, 0.100, 2.105,  6.820
0.080, 0.200, 1.851,  7.220
0.080, 0.300, 1.692,  7.620
0.072, 0.400, 1.598,  8.020
0.052, 0.500, 1.571,  8.420
0.021, 0.600, 1.621,  8.820
-0.020, 0.700, 1.763,  9.220
-0.065, 0.638, 2.029,  9.620
-0.098, 0.000, 2.308, 10.020
-0.112, 0.000, 2.431, 10.420
-0.111, 0.000, 2.340, 10.820
-0.105, 0.100, 2.172, 11.220
-0.096, 0.200, 1.949, 11.620
-0.090, 0.300, 1.799, 12.020
-0.088, 0.400, 1.708, 12.420
-0.090, 0.500, 1.682, 12.820
-0.096, 0.600, 1.730, 13.220
-0.105, 0.700, 1.868, 13.620
-0.115, 0.676, 2.126, 14.020
-0.120, 0.547, 2.398, 14.420
-0.120, 0.000, 2.619, 14.820
-0.115, 0.000, 2.685, 15.220
-0.108, 0.000, 2.558, 15.620
-0.100, 0.100, 2.363, 16.020
-0.092, 0.200, 2.114, 16.420
-0.086, 0.300, 1.953, 16.820
-0.081, 0.400, 1.857, 17.220
-0.078, 0.500, 1.827, 17.620
-0.077, 0.600, 1.874, 18.020
-0.076, 0.700, 2.011, 18.420
-0.076, 0.733, 2.255, 18.820
-0.074, 0.620, 2.525, 19.220
-0.070, 0.000, 2.775, 19.620
-0.066, 0.000, 2.880, 20.020
-0.060, 0.100, 2.761, 20.420
-0.055, 0.200, 2.541, 20.820
-0.051, 0.300, 2.360, 21.220
-0.047, 0.400, 2.250, 21.620
-0.044, 0.500, 2.215, 22.020
-0.042, 0.600, 2.252, 22.420
-0.040, 0.700, 2.377, 22.820
-0.038, 0.707, 2.573, 23.220
-0.036, 0.607, 2.809, 23.620
-0.033, 0.000, 3.032, 24.020
-0.031, 0.000, 3.117, 24.420
-0.028, 0.100, 2.979, 24.820
-0.025, 0.200, 2.743, 25.220
-0.023, 0.300, 2.544, 25.620
-0.021, 0.400, 2.415, 26.020
-0.019, 0.500, 2.370, 26.420
-0.018, 0.600, 2.406, 26.820
-0.017, 0.700, 2.517, 27.220
-0.016, 0.793, 2.700, 27.620
-0.015, 0.709, 2.951, 28.020
-0.014, 0.590, 3.224, 28.420
-0.013, 0.000, 3.456, 28.820
-0.012, 0.000, 3.534, 29.220
-0.010, 0.100, 3.371, 29.620
-0.009, 0.200, 3.114, 30.020
-0.008, 0.300, 2.885, 30.420
-0.007, 0.400, 2.725, 30.820
-0.006, 0.500, 2.651, 31.220
-0.006, 0.600, 2.664, 31.620
-0.006, 0.700, 2.758, 32.020
-0.005, 0.800, 2.928, 32.420
-0.005, 0.794, 3.171, 32.820
-0.005, 0.692, 3.460, 33.220
-0.004, 0.565, 3.740, 33.620
-0.004, 0.000, 3.957, 34.020
-0.003, 0.000, 4.005, 34.420
-0.003, 0.100, 3.807, 34.820
-0.002, 0.200, 3.525, 35.220
-0.002, 0.300, 3.263, 35.620
-0.002, 0.400, 3.069, 36.020
-0.001, 0.500, 2.963, 36.420
-0.001, 0.600, 2.949, 36.820
-0.001, 0.700, 3.024, 37.220
-0.001, 0.800, 3.178, 37.620
-0.001, 0.881, 3.411, 38.020
-0.001, 0.815, 3.712, 38.420
-0.001, 0.704, 4.039, 38.820
-0.001, 0.571, 4.333, 39.220
-0.001, 0.000, 4.551, 39.620
-0.001, 0.000, 4.592, 40.020
-0.001, 0.100, 4.373, 40.420
-0.000, 0.200, 4.063, 40.820
-0.000, 0.300, 3.763, 41.220
-0.000, 0.400, 3.526, 41.620
-0.000, 0.500, 3.378, 42.020
-0.000, 0.600, 3.328, 42.420
-0.000, 0.700, 3.375, 42.820
-0.000, 0.800, 3.510, 43.220
-0.000, 0.900, 3.726, 43.620
-0.000, 0.912, 4.016, 44.020
-0.000, 0.851, 4.357, 44.420
-0.000, 0.748, 4.706, 44.820
-0.000, 0.614, 5.020, 45.220
-0.000, 0.000, 5.261, 45.620
-0.000, 0.000, 5.330, 46.020
-0.000, 0.100, 5.129, 46.420
-0.000, 0.200, 4.805, 46.820
0.000, 0.300, 4.452, 47.220
0.000, 0.400, 4.157, 47.620
0.000, 0.500, 3.952, 48.020
0.000, 0.600, 3.851, 48.420
0.000, 0.700, 3.857, 48.820
0.000, 0.800, 3.960, 49.220
0.000, 0.900, 4.149, 49.620
0.000, 0.966, 4.415, 50.020
-0.000, 0.943, 4.748, 50.420
-0.000, 0.897, 5.117, 50.820
-0.000, 0.814, 5.486, 51.220
-0.000, 0.691, 5.828, 51.620
0.000, 0.559, 6.106, 52.020
0.000, 0.000, 6.284, 52.420
0.000, 0.000, 6.277, 52.820
0.000, 0.100, 6.001, 53.220
0.000, 0.200, 5.612, 53.620
0.000, 0.300, 5.208, 54.020
0.000, 0.400, 4.873, 54.420
0.000, 0.500, 4.601, 54.820
0.000, 0.600, 4.438, 55.220
0.000, 0.700, 4.390, 55.620
0.000, 0.800, 4.449, 56.020
0.000, 0.900, 4.602, 56.420
0.000, 0.993, 4.840, 56.820
0.000, 0.989, 5.155, 57.220
0.000, 0.981, 5.521, 57.620
0.000, 0.965, 5.911, 58.020
0.000, 0.931, 6.306, 58.420
0.000, 0.868, 6.691, 58.820
0.000, 0.765, 7.048, 59.220
0.000, 0.635, 7.351, 59.620
0.000, 0.521, 7.566, 60.020
0.000, 0.000, 7.663, 60.420
0.000, 0.100, 7.573, 60.820
0.000, 0.200, 7.254, 61.220
0.000, 0.300, 6.848, 61.620
0.000, 0.400, 6.438, 62.020
0.000, 0.500, 6.078, 62.420
0.000, 0.600, 5.804, 62.820
0.000, 0.700, 5.639, 63.220
0.000, 0.800, 5.588, 63.620
0.000, 0.900, 5.581, 64.020
0.000, 0.998, 5.663, 64.420
0.000, 0.997, 5.887, 64.820
0.000, 0.995, 6.267, 65.220
0.000, 0.992, 6.666, 65.620
0.000, 0.985, 7.068, 66.020
0.000, 0.972, 7.467, 66.420
0.000, 0.946, 7.857, 66.820
0.000, 0.897, 8.230, 67.220
0.000, 0.817, 8.577, 67.620
0.000, 0.709, 8.877, 68.020
0.000, 0.602, 9.105, 68.420
0.000, 0.535, 9.231, 68.820
0.000, 0.528, 9.243, 69.220
0.000, 0.574, 9.159, 69.620
0.000, 0.649, 9.026, 70.020
0.000, 0.724, 8.892, 70.420
0.000, 0.781, 8.793, 70.820
0.000, 0.815, 8.751, 71.220
0.000, 0.830, 8.767, 71.620
0.000, 0.832, 8.832, 72.020
0.000, 0.825, 8.929, 72.420
0.000, 0.812, 9.044, 72.820
0.000, 0.796, 9.164, 73.220
0.000, 0.780, 9.281, 73.620
0.000, 0.768, 9.386, 74.020
0.000, 0.761, 9.476, 74.420
0.000, 0.761, 9.550, 74.820
0.000, 0.767, 9.611, 75.220
0.000, 0.777, 9.664, 75.620
0.000, 0.789, 9.715, 76.020
0.000, 0.801, 9.768, 76.420
0.000, 0.811, 9.828, 76.820
0.000, 0.820, 9.896, 77.220
0.000, 0.826, 9.973, 77.620
0.000, 0.830, 10.059, 78.020
0.000, 0.833, 10.151, 78.420
0.000, 0.834, 10.249, 78.820
0.000, 0.835, 10.349, 79.220
0.000, 0.836, 10.452, 79.620
0.000, 0.838, 10.555, 80.020
0.000, 0.839, 10.657, 80.420
0.000, 0.841, 10.759, 80.820
0.000, 0.844, 10.860, 81.220
0.000, 0.848, 10.961, 81.620
0.000, 0.851, 11.061, 82.020
0.000, 0.855, 11.162, 82.420
0.000, 0.859, 11.263, 82.820
0.000, 0.864, 11.366, 83.220
0.000, 0.868, 11.472, 83.620
0.000, 0.871, 11.579, 84.020
0.000, 0.875, 11.689, 84.420
0.000, 0.878, 11.803, 84.820
0.000, 0.880, 11.918, 85.220
0.000, 0.883, 12.037, 85.620
0.000, 0.885, 12.158, 86.020
0.000, 0.887, 12.280, 86.420
0.000, 0.889, 12.404, 86.820
0.000, 0.890, 12.530, 87.220
0.000, 0.892, 12.656, 87.620
0.000, 0.894, 12.784, 88.020
0.000, 0.896, 12.912, 88.420
0.000, 0.898, 13.041, 88.820
0.000, 0.900, 13.171, 89.220
0.000, 0.902, 13.301, 89.620
0.000, 0.904, 13.432, 90.020
0.000, 0.907, 13.564, 90.420
0.000, 0.909, 13.698, 90.820
0.000, 0.911, 13.832, 91.220
0.000, 0.914, 13.968, 91.620
0.000, 0.916, 14.105, 92.020
0.000, 0.918, 14.244, 92.420
0.000, 0.920, 14.384, 92.820
0.000, 0.923, 14.526, 93.220
0.000, 0.925, 14.670, 93.620
0.000, 0.927, 14.814, 94.020
0.000, 0.929, 14.961, 94.420
0.000, 0.931, 15.109, 94.820
0.000, 0.933, 15.258, 95.220
0.000, 0.935, 15.409, 95.620
0.000, 0.937, 15.562, 96.020
0.000, 0.939, 15.715, 96.420
0.000, 0.941, 15.871, 96.820
0.000, 0.943, 16.027, 97.220
0.000, 0.945, 16.185, 97.620
0.000, 0.946, 16.345, 98.020
0.000, 0.948, 16.505, 98.420
0.000, 0.950, 16.668, 98.820
0.000, 0.952, 16.831, 99.220
0.000, 0.954, 16.996, 99.620
0.000, 0.956, 17.163, 100.020
0.000, 0.957, 17.331, 100.420
0.000, 0.959, 17.500, 100.820
0.000, 0.961, 17.671, 101.220
0.000, 0.963, 17.843, 101.620
0.000, 0.960, 18.016, 102.020
0.000, 0.937, 18.191, 102.420
0.000, 0.893, 18.360, 102.820
0.000, 0.824, 18.512, 103.220
0.000, 0.732, 18.626, 103.620
0.000, 0.642, 18.673, 104.020
0.000, 0.588, 18.620, 104.420
0.000, 0.588, 18.459, 104.820
0.000, 0.639, 18.206, 105.220
0.000, 0.719, 17.894, 105.620
0.000, 0.800, 17.562, 106.020
0.000, 0.863, 17.246, 106.420
-0.000, 0.903, 16.975, 106.820
0.000, 0.926, 16.765, 107.220
0.000, 0.937, 16.619, 107.620
0.000, 0.941, 16.536, 108.020
0.000, 0.937, 16.507, 108.420
0.000, 0.927, 16.519, 108.820
0.000, 0.909, 16.561, 109.220
0.000, 0.882, 16.617, 109.620
0.000, 0.845, 16.676, 110.020
0.000, 0.800, 16.721, 110.420
0.000, 0.753, 16.737, 110.820
0.000, 0.717, 16.709, 111.220
0.000, 0.701, 16.627, 111.620
0.000, 0.708, 16.493, 112.020
0.000, 0.734, 16.320, 112.420
0.000, 0.771, 16.123, 112.820
0.000, 0.808, 15.923, 113.220
0.000, 0.838, 15.737, 113.620
0.000, 0.860, 15.578, 114.020
0.000, 0.873, 15.454, 114.420
0.000, 0.878, 15.366, 114.820
0.000, 0.875, 15.310, 115.220
0.000, 0.866, 15.280, 115.620
0.000, 0.850, 15.268, 116.020
0.000, 0.829, 15.263, 116.420
0.000, 0.805, 15.255, 116.820
0.000, 0.782, 15.235, 117.220
0.000, 0.764, 15.194, 117.620
0.000, 0.753, 15.128, 118.020
0.000, 0.753, 15.038, 118.420
0.000, 0.760, 14.927, 118.820
0.000, 0.774, 14.803, 119.220
0.000, 0.791, 14.675, 119.620
0.000, 0.806, 14.551, 120.020
0.000, 0.819, 14.438, 120.420
0.001, 0.827, 14.341, 120.820
0.001, 0.830, 14.262, 121.220
0.000, 0.828, 14.199, 121.620
0.001, 0.822, 14.149, 122.020
0.001, 0.813, 14.108, 122.420
0.001, 0.802, 14.069, 122.820
0.001, 0.790, 14.029, 123.220
0.001, 0.780, 13.982, 123.620
0.001, 0.772, 13.925, 124.020
0.005, 0.768, 13.857, 124.420
0.008, 0.768, 13.779, 124.820
0.016, 0.772, 13.694, 125.220
0.019, 0.778, 13.603, 125.620
0.020, 0.784, 13.513, 126.020
0.030, 0.790, 13.425, 126.420
0.030, 0.795, 13.343, 126.820
0.029, 0.798, 13.269, 127.220
0.029, 0.798, 13.202, 127.620
0.040, 0.795, 13.143, 128.020
0.038, 0.792, 13.086, 128.420
0.034, 0.787, 13.034, 128.820
0.044, 0.781, 12.983, 129.211
0.038, 0.777, 12.928, 129.611
0.030, 0.771, 12.873, 130.011
0.025, 0.790, 12.813, 130.411
0.035, 0.851, 12.755, 130.811
0.030, 0.896, 12.712, 131.211
0.025, 0.924, 12.709, 131.611
0.033, 0.941, 12.750, 132.011
0.030, 0.951, 12.831, 132.411
0.027, 0.957, 12.948, 132.811
0.033, 0.960, 13.094, 133.211
0.030, 0.961, 13.261, 133.611
0.027, 0.961, 13.445, 134.011
0.032, 0.960, 13.642, 134.411
0.029, 0.958, 13.845, 134.811
0.032, 0.955, 14.054, 135.211
0.027, 0.951, 14.265, 135.611
0.023, 0.947, 14.476, 136.011
0.025, 0.942, 14.685, 136.411
0.022, 0.937, 14.889, 136.811
0.023, 0.932, 15.087, 137.211
0.019, 0.927, 15.278, 137.611
0.019, 0.924, 15.461, 138.011
0.016, 0.921, 15.635, 138.411
0.016, 0.920, 15.800, 138.811
0.016, 0.921, 15.957, 139.211
0.013, 0.923, 16.107, 139.611
0.012, 0.926, 16.251, 140.011
0.010, 0.929, 16.391, 140.411
0.009, 0.934, 16.529, 140.811
0.009, 0.938, 16.666, 141.211
0.007, 0.943, 16.804, 141.611
0.006, 0.947, 16.944, 142.011
0.005, 0.951, 17.088, 142.411
0.004, 0.955, 17.236, 142.811
0.003, 0.958, 17.388, 143.211
0.001, 0.961, 17.544, 143.611
-0.001, 0.964, 17.705, 144.011
-0.002, 0.966, 17.870, 144.411
-0.004, 0.969, 18.040, 144.811
-0.009, 0.971, 18.213, 145.211
-0.013, 0.972, 18.389, 145.611
-0.018, 0.974, 18.567, 146.011
-0.022, 0.975, 18.747, 146.411
-0.018, 0.963, 18.928, 146.811
-0.022, 0.938, 19.108, 147.211
-0.026, 0.897, 19.279, 147.611
-0.031, 0.834, 19.430, 148.011
-0.034, 0.752, 19.540, 148.411
-0.036, 0.672, 19.587, 148.811
-0.037, 0.686, 19.546, 149.211
-0.035, 0.786, 19.417, 149.611
-0.032, 0.886, 19.242, 150.011
-0.029, 0.944, 19.074, 150.411
-0.027, 0.962, 18.947, 150.811
-0.017, 0.962, 18.871, 151.211
-0.018, 0.959, 18.845, 151.611
-0.020, 0.952, 18.858, 152.011
-0.023, 0.939, 18.898, 152.411
-0.024, 0.918, 18.956, 152.811
-0.025, 0.888, 19.020, 153.211
-0.025, 0.847, 19.078, 153.611
-0.024, 0.797, 19.115, 154.011
-0.024, 0.748, 19.116, 154.411
-0.023, 0.712, 19.065, 154.811
-0.016, 0.699, 18.954, 155.211
-0.017, 0.713, 18.787, 155.611
-0.019, 0.748, 18.576, 156.011
-0.022, 0.792, 18.341, 156.411
-0.024, 0.834, 18.103, 156.811
-0.025, 0.868, 17.882, 157.211
-0.019, 0.891, 17.693, 157.611
-0.021, 0.905, 17.543, 158.011
-0.024, 0.912, 17.434, 158.411
-0.027, 0.912, 17.362, 158.811
-0.022, 0.906, 17.323, 159.211
-0.025, 0.894, 17.310, 159.611
-0.028, 0.877, 17.311, 160.011
-0.032, 0.854, 17.317, 160.411
-0.025, 0.827, 17.317, 160.811
-0.029, 0.799, 17.304, 161.211
-0.033, 0.775, 17.267, 161.611
-0.036, 0.761, 17.198, 162.011
-0.029, 0.758, 17.098, 162.411
-0.033, 0.767, 16.971, 162.811
-0.038, 0.784, 16.825, 163.211
-0.031, 0.805, 16.668, 163.611
-0.036, 0.826, 16.514, 164.011
-0.043, 0.843, 16.370, 164.411
-0.036, 0.856, 16.244, 164.811
-0.041, 0.864, 16.140, 165.211
-0.044, 0.866, 16.057, 165.611
-0.034, 0.863, 15.994, 166.011
-0.035, 0.856, 15.950, 166.411
-0.035, 0.844, 15.916, 166.811
-0.026, 0.830, 15.886, 167.211
-0.027, 0.813, 15.856, 167.611
-0.021, 0.797, 15.817, 168.011
-0.023, 0.784, 15.765, 168.411
-0.024, 0.776, 15.695, 168.811
-0.022, 0.790, 15.608, 169.211
-0.022, 0.866, 15.509, 169.611
-0.019, 0.918, 15.420, 170.011
-0.016, 0.949, 15.369, 170.411
-0.013, 0.966, 15.368, 170.811
-0.011, 0.976, 15.415, 171.211
-0.009, 0.981, 15.504, 171.611
-0.007, 0.985, 15.628, 172.011
-0.006, 0.987, 15.779, 172.411
-0.005, 0.988, 15.953, 172.811
-0.004, 0.989, 16.144, 173.211
-0.003, 0.990, 16.348, 173.611
-0.002, 0.990, 16.563, 174.011
-0.001, 0.990, 16.785, 174.411
-0.001, 0.990, 17.014, 174.811
0.000, 0.990, 17.246, 175.211
0.001, 0.990, 17.482, 175.611
0.002, 0.989, 17.719, 176.011
0.002, 0.989, 17.957, 176.411
0.003, 0.988, 18.194, 176.811
0.004, 0.987, 18.431, 177.211
0.005, 0.987, 18.667, 177.611
0.006, 0.986, 18.901, 178.011
0.006, 0.985, 19.133, 178.411
0.005, 0.985, 19.362, 178.811
0.006, 0.984, 19.589, 179.211
0.007, 0.983, 19.812, 179.611
0.008, 0.983, 20.032, 180.011
0.009, 0.983, 20.249, 180.411
0.010, 0.982, 20.463, 180.811
0.010, 0.982, 20.673, 181.211
0.011, 0.982, 20.880, 181.611
0.011, 0.983, 21.084, 182.011
0.011, 0.974, 21.285, 182.411
0.015, 0.950, 21.482, 182.811
0.015, 0.904, 21.668, 183.211
0.014, 0.824, 21.831, 183.611
0.013, 0.710, 21.951, 184.011
0.014, 0.594, 21.990, 184.411
0.015, 0.526, 21.910, 184.811
0.022, 0.530, 21.694, 185.211
0.022, 0.600, 21.363, 185.611
0.021, 0.700, 20.957, 186.011
0.019, 0.800, 20.523, 186.411
0.017, 0.891, 20.103, 186.811
0.016, 0.936, 19.730, 187.211
0.015, 0.959, 19.426, 187.611
0.014, 0.970, 19.198, 188.011
0.014, 0.986, 19.044, 188.411
0.009, 0.993, 18.959, 188.811
0.009, 0.996, 18.937, 189.211
0.009, 0.998, 18.969, 189.611
0.009, 0.999, 19.043, 190.011
0.009, 0.999, 19.151, 190.411
0.008, 0.999, 19.285, 190.811
0.007, 1.000, 19.440, 191.211
0.007, 1.000, 19.611, 191.611
0.006, 1.000, 19.795, 192.011
0.006, 1.000, 19.990, 192.411
0.005, 1.000, 20.193, 192.811
0.005, 1.000, 20.402, 193.211
0.005, 1.000, 20.615, 193.611
0.005, 1.000, 20.833, 194.011
0.004, 1.000, 21.053, 194.411
0.004, 1.000, 21.275, 194.811
0.004, 1.000, 21.499, 195.211
0.004, 1.000, 21.723, 195.611
0.004, 0.999, 21.947, 196.011
0.004, 0.999, 22.171, 196.411
0.003, 0.998, 22.394, 196.811
0.004, 0.997, 22.616, 197.211
0.004, 0.995, 22.837, 197.611
0.003, 0.992, 23.055, 198.011
0.003, 0.985, 23.270, 198.411
0.003, 0.972, 23.481, 198.811
0.003, 0.949, 23.683, 199.211
0.003, 0.907, 23.871, 199.611
0.003, 0.841, 24.034, 200.011
0.003, 0.754, 24.153, 200.411
0.002, 0.671, 24.201, 200.811
0.003, 0.627, 24.145, 201.211
0.002, 0.642, 23.976, 201.611
0.002, 0.706, 23.713, 202.011
0.002, 0.792, 23.390, 202.411
0.002, 0.869, 23.048, 202.811
0.001, 0.922, 22.722, 203.211
0.001, 0.952, 22.437, 203.611
0.002, 0.969, 22.207, 204.011
0.002, 0.979, 22.035, 204.411
0.002, 0.984, 21.921, 204.811
0.002, 0.986, 21.860, 205.211
0.002, 0.987, 21.845, 205.611
0.002, 0.986, 21.867, 206.011
0.002, 0.981, 21.920, 206.411
0.002, 0.973, 21.995, 206.811
0.002, 0.958, 22.086, 207.211
0.003, 0.934, 22.185, 207.611
0.003, 0.893, 22.282, 208.011
0.002, 0.832, 22.364, 208.411
0.002, 0.755, 22.411, 208.811
0.003, 0.681, 22.396, 209.211
0.002, 0.637, 22.296, 209.611
0.002, 0.638, 22.102, 210.011
0.002, 0.681, 21.828, 210.411
0.002, 0.750, 21.499, 210.811
0.002, 0.821, 21.149, 211.211
0.002, 0.878, 20.808, 211.611
0.002, 0.915, 20.502, 212.011
0.002, 0.938, 20.246, 212.411
0.002, 0.951, 20.047, 212.811
0.002, 0.957, 19.906, 213.211
0.002, 0.958, 19.817, 213.611
0.002, 0.955, 19.775, 214.011
0.003, 0.947, 19.770, 214.411
0.003, 0.934, 19.792, 214.811
0.003, 0.914, 19.831, 215.211
0.003, 0.884, 19.876, 215.611
0.003, 0.846, 19.914, 216.011
0.003, 0.800, 19.931, 216.411
0.003, 0.758, 19.913, 216.811
0.003, 0.728, 19.844, 217.211
0.002, 0.720, 19.720, 217.611
0.003, 0.736, 19.546, 218.011
0.003, 0.767, 19.334, 218.411
0.003, 0.806, 19.103, 218.811
0.004, 0.843, 18.872, 219.211
0.004, 0.873, 18.658, 219.611
0.004, 0.893, 18.473, 220.011
0.003, 0.906, 18.324, 220.411
0.003, 0.911, 18.213, 220.811
0.004, 0.911, 18.138, 221.211
0.005, 0.905, 18.093, 221.611
0.004, 0.893, 18.071, 222.011
0.005, 0.876, 18.063, 222.411
0.005, 0.854, 18.059, 222.811
0.006, 0.828, 18.049, 223.211
0.006, 0.802, 18.024, 223.611
0.005, 0.781, 17.975, 224.011
0.006, 0.769, 17.897, 224.411
0.007, 0.768, 17.788, 224.811
0.008, 0.777, 17.654, 225.211
0.006, 0.794, 17.502, 225.611
0.007, 0.814, 17.343, 226.011
0.009, 0.834, 17.187, 226.411
0.008, 0.850, 17.043, 226.811
0.009, 0.861, 16.917, 227.211
0.012, 0.867, 16.813, 227.611
0.010, 0.868, 16.730, 228.011
0.013, 0.865, 16.666, 228.411
0.016, 0.857, 16.617, 228.811
0.014, 0.846, 16.577, 229.211
0.019, 0.832, 16.540, 229.611
0.017, 0.818, 16.500, 230.011
0.023, 0.804, 16.451, 230.411
0.028, 0.794, 16.389, 230.811
0.022, 0.788, 16.311, 231.211
0.024, 0.788, 16.220, 231.611
0.019, 0.792, 16.116, 232.011
0.021, 0.799, 16.004, 232.411
0.023, 0.809, 15.890, 232.811
0.018, 0.818, 15.778, 233.211
0.020, 0.825, 15.673, 233.611
0.016, 0.830, 15.576, 234.011
0.019, 0.833, 15.491, 234.411
0.017, 0.831, 15.417, 234.811
0.021, 0.828, 15.351, 235.211
0.024, 0.823, 15.291, 235.611
0.020, 0.816, 15.234, 236.011
0.022, 0.809, 15.178, 236.411
0.019, 0.802, 15.118, 236.811
0.022, 0.796, 15.054, 237.211
0.019, 0.793, 14.983, 237.611
0.024, 0.791, 14.907, 238.011
0.021, 0.792, 14.824, 238.411
0.026, 0.794, 14.738, 238.811
0.023, 0.797, 14.649, 239.211
0.020, 0.801, 14.562, 239.611
0.027, 0.804, 14.478, 240.011
0.025, 0.806, 14.396, 240.411
0.033, 0.807, 14.321, 240.811
0.030, 0.806, 14.249, 241.211
0.037, 0.805, 14.182, 241.611
0.033, 0.802, 14.117, 242.011
0.041, 0.798, 14.054, 242.411
0.036, 0.795, 13.991, 242.811
0.031, 0.791, 13.928, 243.211
0.042, 0.787, 13.864, 243.611
0.039, 0.785, 13.795, 244.011
0.050, 0.784, 13.725, 244.411
0.044, 0.784, 13.650, 244.811
0.039, 0.784, 13.576, 245.211
0.052, 0.785, 13.502, 245.611
0.047, 0.786, 13.426, 246.011
0.042, 0.787, 13.353, 246.411
0.057, 0.787, 13.282, 246.811
0.053, 0.787, 13.211, 247.211
0.066, 0.786, 13.143, 247.611
0.059, 0.786, 13.074, 248.011
0.052, 0.783, 13.010, 248.411
0.066, 0.780, 12.948, 248.811
0.060, 0.778, 12.882, 249.211
0.054, 0.776, 12.819, 249.611
0.070, 0.773, 12.756, 250.011
0.064, 0.772, 12.688, 250.411
0.058, 0.771, 12.621, 250.811
0.073, 0.770, 12.555, 251.211
0.067, 0.770, 12.483, 251.611
0.062, 0.770, 12.415, 252.011
0.079, 0.769, 12.348, 252.411
0.074, 0.771, 12.277, 252.811
0.069, 0.770, 12.211, 253.211
0.088, 0.769, 12.147, 253.611
0.081, 0.770, 12.080, 254.011
0.074, 0.767, 12.018, 254.411
0.068, 0.765, 11.960, 254.811
0.086, 0.761, 11.903, 255.211
0.079, 0.761, 11.840, 255.611
0.071, 0.757, 11.782, 256.011
0.065, 0.754, 11.724, 256.411
0.082, 0.751, 11.667, 256.811
0.074, 0.751, 11.603, 257.211
0.065, 0.750, 11.542, 257.611
0.059, 0.752, 11.483, 258.011
0.057, 0.797, 11.424, 258.411
0.078, 0.852, 11.376, 258.811
0.076, 0.891, 11.353, 259.211
0.074, 0.917, 11.376, 259.611
0.073, 0.931, 11.441, 260.011
0.088, 0.938, 11.544, 260.411
0.083, 0.943, 11.671, 260.811
0.077, 0.945, 11.825, 261.211
0.072, 0.944, 11.999, 261.611
0.081, 0.941, 12.186, 262.011
0.074, 0.937, 12.376, 262.411
0.066, 0.933, 12.573, 262.811
0.073, 0.926, 12.773, 263.211
0.064, 0.920, 12.966, 263.611
0.056, 0.911, 13.157, 264.011
0.063, 0.874, 13.343, 264.411
0.056, 0.808, 13.509, 264.811
0.049, 0.723, 13.646, 265.211
0.057, 0.641, 13.726, 265.611
0.050, 0.589, 13.720, 266.011
0.058, 0.582, 13.624, 266.411
0.050, 0.618, 13.447, 266.811
0.043, 0.681, 13.220, 267.211
0.054, 0.750, 12.977, 267.611
0.049, 0.807, 12.751, 268.011
0.045, 0.845, 12.567, 268.411
0.062, 0.866, 12.439, 268.811
0.059, 0.875, 12.361, 269.211
0.055, 0.871, 12.334, 269.611
0.053, 0.857, 12.344, 270.011
0.072, 0.834, 12.376, 270.411
0.068, 0.806, 12.411, 270.811
0.061, 0.772, 12.443, 271.211
0.077, 0.738, 12.459, 271.611
0.069, 0.715, 12.441, 272.011
0.060, 0.701, 12.394, 272.411
0.052, 0.701, 12.316, 272.811
0.069, 0.713, 12.213, 273.211
0.063, 0.733, 12.092, 273.611
0.057, 0.755, 11.972, 274.011
0.073, 0.774, 11.862, 274.411
0.068, 0.788, 11.764, 274.811
0.064, 0.850, 11.689, 275.211
0.063, 0.894, 11.647, 275.611
0.077, 0.920, 11.650, 276.011
0.074, 0.936, 11.697, 276.411
0.069, 0.945, 11.788, 276.811
0.065, 0.950, 11.915, 277.211
0.074, 0.951, 12.070, 277.611
0.068, 0.951, 12.241, 278.011
0.060, 0.949, 12.429, 278.411
0.054, 0.945, 12.629, 278.811
0.059, 0.940, 12.834, 279.211
0.052, 0.934, 13.039, 279.611
0.046, 0.927, 13.244, 280.011
0.048, 0.919, 13.446, 280.411
0.042, 0.912, 13.638, 280.811
0.043, 0.904, 13.823, 281.211
0.036, 0.899, 13.995, 281.611
0.030, 0.895, 14.158, 282.011
0.032, 0.893, 14.309, 282.411
0.028, 0.895, 14.448, 282.811
0.029, 0.897, 14.579, 283.211
0.025, 0.902, 14.702, 283.611
0.026, 0.908, 14.821, 284.011
0.022, 0.915, 14.938, 284.411
0.023, 0.921, 15.057, 284.811
0.019, 0.927, 15.178, 285.211
0.020, 0.932, 15.304, 285.611
0.017, 0.937, 15.435, 286.011
0.018, 0.941, 15.573, 286.411
0.015, 0.945, 15.716, 286.811
0.016, 0.948, 15.865, 287.211
0.014, 0.950, 16.019, 287.611
0.014, 0.952, 16.179, 288.011
0.015, 0.954, 16.343, 288.411
0.012, 0.956, 16.510, 288.811
0.012, 0.957, 16.681, 289.211
0.012, 0.958, 16.854, 289.611
0.010, 0.959, 17.029, 290.011
0.009, 0.960, 17.206, 290.411
0.009, 0.961, 17.384, 290.811
0.007, 0.962, 17.563, 291.211
0.007, 0.963, 17.744, 291.611
0.007, 0.964, 17.924, 292.011
0.007, 0.965, 18.105, 292.411
0.005, 0.967, 18.287, 292.811
0.005, 0.962, 18.469, 293.211
0.005, 0.935, 18.650, 293.611
0.004, 0.888, 18.824, 294.011
0.004, 0.814, 18.978, 294.411
0.003, 0.719, 19.089, 294.811
0.002, 0.629, 19.127, 295.211
0.001, 0.580, 19.060, 295.611
0.001, 0.588, 18.881, 296.011
-0.000, 0.646, 18.611, 296.411
-0.001, 0.732, 18.285, 296.811
-0.002, 0.814, 17.943, 297.211
-0.002, 0.875, 17.622, 297.611
-0.002, 0.913, 17.349, 298.011
-0.003, 0.934, 17.139, 298.411
-0.003, 0.944, 16.995, 298.811
-0.003, 0.947, 16.914, 299.211
-0.004, 0.944, 16.888, 299.611
-0.005, 0.935, 16.904, 300.011
-0.004, 0.919, 16.949, 300.411
-0.006, 0.894, 17.011, 300.811
-0.008, 0.858, 17.076, 301.211
-0.007, 0.814, 17.131, 301.611
-0.008, 0.766, 17.159, 302.011
-0.011, 0.725, 17.145, 302.411
-0.009, 0.703, 17.076, 302.811
-0.012, 0.704, 16.952, 303.211
-0.015, 0.728, 16.783, 303.611
-0.013, 0.764, 16.585, 304.011
-0.016, 0.804, 16.378, 304.411
-0.020, 0.838, 16.181, 304.811
-0.018, 0.863, 16.010, 305.211
-0.023, 0.879, 15.872, 305.611
-0.021, 0.886, 15.772, 306.011
-0.025, 0.886, 15.706, 306.411
-0.022, 0.879, 15.670, 306.811
-0.025, 0.866, 15.655, 307.211
-0.028, 0.848, 15.652, 307.611
-0.022, 0.826, 15.650, 308.011
-0.023, 0.801, 15.642, 308.411
-0.017, 0.778, 15.618, 308.811
-0.019, 0.761, 15.570, 309.211
-0.014, 0.753, 15.496, 309.611
-0.015, 0.756, 15.397, 310.011
-0.012, 0.767, 15.278, 310.411
-0.013, 0.783, 15.147, 310.811
-0.011, 0.801, 15.015, 311.211
-0.011, 0.817, 14.889, 311.611
-0.009, 0.829, 14.777, 312.011
-0.010, 0.836, 14.683, 312.411
-0.009, 0.839, 14.608, 312.811
-0.010, 0.836, 14.550, 313.211
-0.009, 0.829, 14.505, 313.611
-0.010, 0.819, 14.468, 314.011
-0.009, 0.807, 14.434, 314.411
-0.010, 0.794, 14.397, 314.811
-0.009, 0.783, 14.352, 315.211
-0.008, 0.775, 14.296, 315.611
-0.010, 0.772, 14.228, 316.011
-0.009, 0.772, 14.148, 316.411
-0.011, 0.777, 14.060, 316.811
-0.010, 0.784, 13.968, 317.211
-0.008, 0.791, 13.875, 317.611
-0.011, 0.797, 13.787, 318.011
-0.010, 0.802, 13.704, 318.411
-0.009, 0.805, 13.630, 318.811
-0.012, 0.805, 13.565, 319.211
-0.011, 0.802, 13.506, 319.611
-0.010, 0.798, 13.453, 320.011
-0.013, 0.792, 13.403, 320.411
-0.012, 0.786, 13.353, 320.811
-0.011, 0.781, 13.301, 321.211
-0.014, 0.776, 13.244, 321.611
-0.013, 0.773, 13.183, 322.011
-0.012, 0.772, 13.118, 322.411
-0.016, 0.773, 13.048, 322.811
-0.015, 0.775, 12.976, 323.211
-0.013, 0.777, 12.903, 323.611
-0.013, 0.779, 12.832, 324.011
-0.018, 0.781, 12.763, 324.411
-0.017, 0.782, 12.697, 324.811
-0.016, 0.781, 12.635, 325.211
-0.021, 0.780, 12.576, 325.611
-0.020, 0.778, 12.519, 326.011
-0.018, 0.775, 12.464, 326.411
-0.017, 0.772, 12.409, 326.811
-0.025, 0.769, 12.354, 327.211
-0.024, 0.767, 12.297, 327.611
-0.022, 0.765, 12.239, 328.011
-0.022, 0.764, 12.180, 328.411
-0.022, 0.763, 12.119, 328.811
-0.033, 0.763, 12.057, 329.211
-0.032, 0.764, 11.995, 329.611
-0.031, 0.763, 11.934, 330.011
-0.030, 0.763, 11.875, 330.411
-0.030, 0.762, 11.817, 330.811
-0.047, 0.761, 11.761, 331.211
-0.047, 0.760, 11.703, 331.611
-0.045, 0.758, 11.648, 332.011
-0.044, 0.755, 11.594, 332.411
-0.043, 0.753, 11.540, 332.811
-0.042, 0.751, 11.487, 333.211
-0.062, 0.748, 11.432, 333.611
-0.058, 0.748, 11.373, 334.011
-0.052, 0.747, 11.317, 334.411
-0.047, 0.744, 11.262, 334.811
-0.044, 0.743, 11.207, 335.211
-0.042, 0.741, 11.152, 335.611
-0.063, 0.739, 11.096, 336.011
-0.059, 0.739, 11.036, 336.411
-0.054, 0.738, 10.980, 336.811
-0.051, 0.735, 10.924, 337.211
-0.051, 0.732, 10.869, 337.611
-0.054, 0.730, 10.813, 338.011
-0.076, 0.729, 10.757, 338.411
-0.078, 0.777, 10.695, 338.811
-0.077, 0.834, 10.645, 339.211
-0.075, 0.875, 10.628, 339.611
-0.073, 0.899, 10.655, 340.011
-0.072, 0.912, 10.724, 340.411
-0.071, 0.919, 10.830, 340.811
-0.084, 0.922, 10.965, 341.211
-0.079, 0.922, 11.114, 341.611
-0.073, 0.919, 11.280, 342.011
-0.066, 0.915, 11.457, 342.411
-0.061, 0.909, 11.638, 342.811
-0.057, 0.901, 11.820, 343.211
-0.069, 0.894, 11.999, 343.611
-0.063, 0.887, 12.166, 344.011
-0.057, 0.882, 12.327, 344.411
-0.066, 0.878, 12.480, 344.811
-0.059, 0.877, 12.618, 345.211
-0.052, 0.879, 12.751, 345.611
-0.047, 0.881, 12.877, 346.011
-0.059, 0.885, 12.999, 346.411
-0.054, 0.891, 13.112, 346.811
-0.049, 0.897, 13.227, 347.211
-0.060, 0.903, 13.344, 347.611
-0.055, 0.907, 13.459, 348.011
-0.065, 0.881, 13.580, 348.411
-0.058, 0.834, 13.695, 348.811
-0.051, 0.772, 13.797, 349.211
-0.062, 0.706, 13.864, 349.611
-0.055, 0.654, 13.872, 350.011
-0.066, 0.630, 13.813, 350.411
-0.057, 0.640, 13.685, 350.811
-0.067, 0.677, 13.508, 351.211
-0.058, 0.728, 13.301, 351.611
-0.050, 0.776, 13.095, 352.011
-0.065, 0.815, 12.912, 352.411
-0.060, 0.842, 12.763, 352.811
-0.055, 0.854, 12.659, 353.211
-0.075, 0.856, 12.598, 353.611
-0.071, 0.850, 12.567, 354.011
-0.066, 0.834, 12.564, 354.411
-0.087, 0.812, 12.576, 354.811
-0.081, 0.787, 12.582, 355.211
-0.074, 0.759, 12.583, 355.611
-0.094, 0.735, 12.568, 356.011
-0.085, 0.722, 12.521, 356.411
-0.076, 0.715, 12.453, 356.811
-0.095, 0.719, 12.365, 357.211
-0.085, 0.734, 12.254, 357.611
-0.075, 0.749, 12.142, 358.011
-0.094, 0.763, 12.035, 358.411
-0.086, 0.778, 11.931, 358.811
-0.078, 0.784, 11.846, 359.211
-0.073, 0.789, 11.778, 359.611
-0.096, 0.799, 11.726, 360.011
-0.092, 0.821, 11.679, 360.411
-0.087, 0.848, 11.654, 360.811
-0.106, 0.877, 11.654, 361.211
-0.099, 0.903, 11.673, 361.611
-0.091, 0.921, 11.728, 362.011
-0.086, 0.932, 11.817, 362.411
-0.099, 0.938, 11.935, 362.811
-0.092, 0.942, 12.069, 363.211
-0.084, 0.943, 12.227, 363.611
-0.091, 0.943, 12.401, 364.011
-0.081, 0.941, 12.579, 364.411
-0.071, 0.938, 12.768, 364.811
-0.075, 0.933, 12.964, 365.211
-0.065, 0.928, 13.156, 365.611
-0.056, 0.923, 13.350, 366.011
-0.058, 0.917, 13.542, 366.411
-0.050, 0.911, 13.724, 366.811
-0.043, 0.906, 13.902, 367.211
-0.045, 0.902, 14.071, 367.611
-0.039, 0.900, 14.229, 368.011
-0.040, 0.899, 14.379, 368.411
-0.034, 0.901, 14.519, 368.811
-0.035, 0.904, 14.653, 369.211
-0.029, 0.909, 14.781, 369.611
-0.029, 0.914, 14.907, 370.011
-0.024, 0.919, 15.032, 370.411
-0.025, 0.924, 15.159, 370.811
-0.021, 0.930, 15.287, 371.211
-0.021, 0.934, 15.421, 371.611
-0.018, 0.938, 15.558, 372.011
-0.018, 0.942, 15.700, 372.411
-0.015, 0.945, 15.847, 372.811
-0.015, 0.948, 15.999, 373.211
-0.015, 0.950, 16.156, 373.611
-0.012, 0.952, 16.316, 374.011
-0.011, 0.954, 16.480, 374.411
-0.011, 0.956, 16.648, 374.811
-0.008, 0.957, 16.818, 375.211
-0.007, 0.958, 16.991, 375.611
-0.007, 0.959, 17.165, 376.011
-0.005, 0.961, 17.341, 376.411
-0.004, 0.962, 17.519, 376.811
-0.003, 0.963, 17.698, 377.211
-0.002, 0.964, 17.877, 377.611
-0.001, 0.965, 18.057, 378.011
0.000, 0.966, 18.238, 378.411
0.002, 0.968, 18.419, 378.811
0.003, 0.969, 18.601, 379.211
0.004, 0.970, 18.783, 379.611
0.004, 0.972, 18.966, 380.011
0.005, 0.972, 19.149, 380.411
0.007, 0.958, 19.332, 380.811
0.009, 0.926, 19.513, 381.211
0.011, 0.872, 19.682, 381.611
0.013, 0.790, 19.824, 382.011
0.015, 0.691, 19.914, 382.411
0.017, 0.608, 19.920, 382.811
0.019, 0.574, 19.814, 383.211
0.021, 0.598, 19.599, 383.611
0.024, 0.669, 19.299, 384.011
0.027, 0.758, 18.951, 384.411
0.022, 0.837, 18.597, 384.811
0.026, 0.893, 18.272, 385.211
0.032, 0.926, 17.999, 385.611
0.036, 0.944, 17.789, 386.011
0.039, 0.953, 17.644, 386.411
0.031, 0.956, 17.558, 386.811
0.033, 0.954, 17.526, 387.211
0.036, 0.947, 17.535, 387.611
0.038, 0.934, 17.574, 388.011
0.028, 0.914, 17.632, 388.411
0.030, 0.883, 17.701, 388.811
0.032, 0.860, 17.765, 389.211
0.033, 0.885, 17.814, 389.611
0.025, 0.912, 17.849, 390.011
0.026, 0.934, 17.886, 390.411
0.029, 0.951, 17.934, 390.811
0.030, 0.963, 17.998, 391.211
0.031, 0.972, 18.082, 391.611
0.023, 0.978, 18.184, 392.011
0.025, 0.983, 18.307, 392.411
0.027, 0.986, 18.446, 392.811
0.030, 0.988, 18.600, 393.211
0.031, 0.990, 18.765, 393.611
0.031, 0.992, 18.940, 394.011
0.031, 0.993, 19.123, 394.411
0.023, 0.994, 19.312, 394.811
0.024, 0.994, 19.511, 395.211
0.026, 0.995, 19.714, 395.611
0.027, 0.996, 19.922, 396.011
0.028, 0.996, 20.132, 396.411
0.028, 0.996, 20.345, 396.811
0.028, 0.997, 20.558, 397.211
0.027, 0.997, 20.773, 397.611
0.032, 0.997, 20.988, 398.011
0.030, 0.998, 21.201, 398.411
0.027, 0.998, 21.414, 398.811
0.024, 0.997, 21.628, 399.211
0.022, 0.996, 21.843, 399.611
0.021, 0.994, 22.059, 400.011
0.020, 0.991, 22.274, 400.411
0.026, 0.986, 22.489, 400.811
0.025, 0.978, 22.697, 401.211
0.023, 0.964, 22.899, 401.611
0.021, 0.940, 23.092, 402.011
0.025, 0.903, 23.269, 402.411
0.022, 0.851, 23.419, 402.811
0.020, 0.789, 23.530, 403.211
0.023, 0.731, 23.583, 403.604
0.020, 0.698, 23.558, 404.004
0.017, 0.704, 23.448, 404.404
0.020, 0.746, 23.261, 404.804
0.017, 0.807, 23.023, 405.204
0.015, 0.866, 22.763, 405.604
0.013, 0.911, 22.511, 406.004
0.017, 0.940, 22.287, 406.404
0.017, 0.959, 22.103, 406.804
0.016, 0.969, 21.965, 407.204
0.015, 0.976, 21.874, 407.604
0.015, 0.979, 21.826, 408.004
0.021, 0.981, 21.816, 408.404
0.021, 0.981, 21.838, 408.804
0.019, 0.980, 21.885, 409.204
0.018, 0.978, 21.953, 409.604
0.017, 0.975, 22.038, 410.004
0.022, 0.970, 22.136, 410.404
0.021, 0.964, 22.241, 410.804
0.020, 0.954, 22.351, 411.204
0.018, 0.941, 22.461, 411.604
0.023, 0.925, 22.566, 412.004
0.021, 0.905, 22.661, 412.404
0.020, 0.882, 22.739, 412.804
0.018, 0.860, 22.794, 413.204
0.018, 0.841, 22.821, 413.604
0.023, 0.830, 22.814, 414.004
0.022, 0.830, 22.771, 414.404
0.020, 0.841, 22.695, 414.804
0.019, 0.859, 22.596, 415.204
0.024, 0.880, 22.484, 415.604
0.023, 0.900, 22.368, 416.004
0.021, 0.917, 22.260, 416.404
0.019, 0.931, 22.167, 416.804
0.019, 0.941, 22.094, 417.204
0.026, 0.947, 22.044, 417.604
0.025, 0.952, 22.014, 418.004
0.025, 0.954, 22.005, 418.404
0.024, 0.955, 22.014, 418.804
0.024, 0.954, 22.038, 419.204
0.024, 0.952, 22.075, 419.604
0.032, 0.948, 22.123, 420.004
0.031, 0.943, 22.174, 420.404
0.030, 0.937, 22.228, 420.804
0.028, 0.929, 22.283, 421.204
0.035, 0.921, 22.335, 421.604
0.033, 0.906, 22.379, 422.004
0.030, 0.873, 22.413, 422.404
0.027, 0.832, 22.431, 422.804
0.024, 0.790, 22.420, 423.204
0.031, 0.754, 22.368, 423.604
0.028, 0.736, 22.262, 424.004
0.025, 0.752, 22.104, 424.404
0.023, 0.852, 21.901, 424.804
0.021, 0.947, 21.685, 425.204
0.027, 0.977, 21.498, 425.604
0.026, 0.985, 21.363, 426.004
0.024, 0.989, 21.282, 426.404
0.022, 0.991, 21.250, 426.804
0.022, 0.992, 21.260, 427.204
0.022, 0.992, 21.305, 427.604
0.022, 0.992, 21.378, 428.004
0.023, 0.992, 21.474, 428.404
0.029, 0.991, 21.588, 428.804
0.028, 0.989, 21.714, 429.204
0.025, 0.986, 21.850, 429.604
0.022, 0.983, 21.995, 430.004
0.020, 0.977, 22.145, 430.404
0.024, 0.968, 22.299, 430.804
0.022, 0.956, 22.452, 431.204
0.020, 0.939, 22.599, 431.604
0.018, 0.914, 22.737, 432.004
0.017, 0.883, 22.859, 432.404
0.020, 0.848, 22.954, 432.804
0.019, 0.814, 23.012, 433.204
0.016, 0.791, 23.024, 433.604
0.014, 0.785, 22.982, 434.004
0.016, 0.798, 22.890, 434.404
0.014, 0.826, 22.757, 434.804
0.011, 0.860, 22.599, 435.204
0.013, 0.891, 22.436, 435.604
0.011, 0.917, 22.282, 436.004
0.010, 0.936, 22.150, 436.404
0.009, 0.949, 22.045, 436.804
0.008, 0.957, 21.972, 437.204
0.011, 0.962, 21.931, 437.604
0.010, 0.964, 21.919, 438.004
0.009, 0.965, 21.932, 438.404
0.008, 0.964, 21.967, 438.804
0.007, 0.961, 22.019, 439.204
0.007, 0.957, 22.084, 439.604
0.008, 0.951, 22.159, 440.004
0.007, 0.943, 22.238, 440.404
0.006, 0.932, 22.319, 440.804
0.005, 0.920, 22.397, 441.204
0.004, 0.906, 22.467, 441.604
0.003, 0.891, 22.524, 442.004
0.004, 0.877, 22.565, 442.404
0.003, 0.866, 22.584, 442.804
0.002, 0.861, 22.580, 443.204
0.002, 0.861, 22.552, 443.604
0.001, 0.868, 22.504, 444.004
0.000, 0.878, 22.440, 444.404
-0.000, 0.890, 22.367, 444.804
-0.001, 0.903, 22.293, 445.204
-0.001, 0.915, 22.224, 445.604
-0.001, 0.924, 22.164, 446.004
-0.002, 0.931, 22.118, 446.404
-0.003, 0.936, 22.087, 446.804
-0.003, 0.940, 22.072, 447.204
-0.004, 0.941, 22.071, 447.604
-0.004, 0.941, 22.082, 448.004
-0.004, 0.939, 22.104, 448.404
-0.005, 0.937, 22.135, 448.804
-0.005, 0.933, 22.171, 449.204
-0.008, 0.928, 22.210, 449.604
-0.008, 0.922, 22.250, 450.004
-0.008, 0.916, 22.288, 450.404
-0.008, 0.909, 22.320, 450.804
-0.008, 0.903, 22.346, 451.204
-0.008, 0.898, 22.364, 451.604
-0.011, 0.894, 22.372, 452.004
-0.012, 0.893, 22.369, 452.404
-0.011, 0.893, 22.357, 452.804
-0.011, 0.895, 22.336, 453.204
-0.011, 0.899, 22.309, 453.604
-0.015, 0.904, 22.279, 454.004
-0.015, 0.909, 22.247, 454.404
-0.015, 0.914, 22.216, 454.804
-0.014, 0.918, 22.189, 455.204
-0.014, 0.922, 22.167, 455.604
-0.019, 0.925, 22.152, 456.004
-0.019, 0.927, 22.142, 456.404
-0.018, 0.929, 22.139, 456.804
-0.017, 0.929, 22.142, 457.204
-0.017, 0.929, 22.151, 457.604
-0.023, 0.927, 22.164, 458.004
-0.022, 0.926, 22.180, 458.404
-0.021, 0.923, 22.198, 458.804
-0.020, 0.921, 22.216, 459.204
-0.019, 0.918, 22.234, 459.604
-0.019, 0.915, 22.251, 460.004
-0.019, 0.912, 22.266, 460.404
-0.020, 0.909, 22.278, 460.804
-0.027, 0.907, 22.286, 461.204
-0.026, 0.906, 22.287, 461.604
-0.025, 0.906, 22.283, 462.004
-0.023, 0.907, 22.275, 462.404
-0.022, 0.908, 22.264, 462.804
-0.021, 0.910, 22.252, 463.204
-0.028, 0.912, 22.239, 463.604
-0.028, 0.914, 22.224, 464.004
-0.018, 0.916, 22.209, 464.404
-0.010, 0.918, 22.199, 464.804
-0.010, 0.919, 22.194, 465.204
-0.008, 0.920, 22.194, 465.604
-0.009, 0.919, 22.198, 466.004
-0.011, 0.919, 22.204, 466.404
-0.014, 0.918, 22.211, 466.804
-0.016, 0.917, 22.219, 467.204
-0.021, 0.915, 22.226, 467.604
